ticker,cik,title,module,side
ENTG,,,A_semiconductors,supplier
ONTO,,,A_semiconductors,supplier
ICHR,,,A_semiconductors,supplier
UCTT,,,A_semiconductors,supplier
ACLS,,,A_semiconductors,supplier
FORM,,,A_semiconductors,supplier
KLIC,,,A_semiconductors,supplier
MKSI,,,A_semiconductors,supplier
CAMT,,,A_semiconductors,supplier
LSCC,,,A_semiconductors,supplier
POWI,,,A_semiconductors,supplier
SLAB,,,A_semiconductors,supplier
SMTC,,,A_semiconductors,supplier
MTSI,,,A_semiconductors,supplier
ALGM,,,A_semiconductors,supplier
LITE,,,A_semiconductors,supplier
FN,,,A_semiconductors,supplier
COHR,,,A_semiconductors,supplier
CRDO,,,A_semiconductors,supplier
AAOI,,,A_semiconductors,supplier
NVDA,,,A_semiconductors,customer
AMD,,,A_semiconductors,customer
AMAT,,,A_semiconductors,customer
LRCX,,,A_semiconductors,customer
MRVL,,,A_semiconductors,customer
VRT,,,B_datacenter_power,supplier
NVT,,,B_datacenter_power,supplier
GEV,,,B_datacenter_power,supplier
BE,,,B_datacenter_power,supplier
CEG,,,B_datacenter_power,supplier
VST,,,B_datacenter_power,supplier
CCJ,,,B_datacenter_power,supplier
LEU,,,B_datacenter_power,supplier
OKLO,,,B_datacenter_power,supplier
SMR,,,B_datacenter_power,supplier
ON,,,B_datacenter_power,supplier
NVTS,,,B_datacenter_power,supplier
WOLF,,,B_datacenter_power,supplier
EQIX,,,B_datacenter_power,customer
DLR,,,B_datacenter_power,customer
ALB,,,C_ev_battery,supplier
APTV,,,C_ev_battery,supplier
BWA,,,C_ev_battery,supplier
APH,,,C_ev_battery,supplier
QS,,,C_ev_battery,supplier
ENVX,,,C_ev_battery,supplier
CHPT,,,C_ev_battery,supplier
TSLA,,,C_ev_battery,customer
GM,,,C_ev_battery,customer
F,,,C_ev_battery,customer
RIVN,,,C_ev_battery,customer
KTOS,,,D_defense_space,supplier
AVAV,,,D_defense_space,supplier
MRCY,,,D_defense_space,supplier
HEI,,,D_defense_space,supplier
CW,,,D_defense_space,supplier
RKLB,,,D_defense_space,supplier
RDW,,,D_defense_space,supplier
LMT,,,D_defense_space,customer
RTX,,,D_defense_space,customer
NOC,,,D_defense_space,customer
GD,,,D_defense_space,customer
BA,,,D_defense_space,customer
WST,,,E_bioprocessing,supplier
RGEN,,,E_bioprocessing,supplier
TECH,,,E_bioprocessing,supplier
AVTR,,,E_bioprocessing,supplier
CRL,,,E_bioprocessing,supplier
DHR,,,E_bioprocessing,supplier
TMO,,,E_bioprocessing,supplier
LLY,,,E_bioprocessing,customer
PFE,,,E_bioprocessing,customer
MRK,,,E_bioprocessing,customer
AMGN,,,E_bioprocessing,customer
BLK,,,owner,owner
STT,,,owner,owner
TROW,,,owner,owner
,102909,Vanguard Group Inc,owner,owner
,315066,FMR LLC (Fidelity),owner,owner
